model,data_split,rows,points_rmse,points_mae,points_rank_mae
recency_baseline,train,11736,11.590858401583017,8.688675081912805,6.906952965235174
routed_consensus,train,11736,9.734689743056098,7.409598276413597,5.587934560327199
xgb_drafting_specialist,train,11736,11.944500249168486,9.275572300996204,6.771472392638037
xgb_no_owner,train,11736,9.515888780867536,7.243698685454908,5.448534423994547
xgb_owner_track,train,11736,9.956866798302146,7.565311854702358,5.675017041581459
xgb_road_specialist,train,11736,10.77617958266564,8.052880416268891,6.1503067484662575
xgb_short_steep_specialist,train,11736,10.883299563253601,8.108625366295044,6.307941376959782
xgb_speedway_specialist,train,11736,10.457469784816897,7.891339392776473,6.151158827539196
