model,data_split,rows,win_brier,win_log_loss,win_auc,top3_brier,top3_log_loss,top3_auc,winner_pick_accuracy,top3_pick_hit_rate,mean_win_probability_sum,mean_top3_probability_sum
recency_baseline,train,11736,0.025685526392373186,0.159726537398218,0.7640654352109337,0.06822152956874919,0.30255939920861186,0.7766722325665925,0.10355987055016182,0.2599784250269687,1,3
routed_consensus,train,11736,0.018794610839167655,0.06889988724089016,0.9733357349580551,0.051543172881713444,0.17290890233961312,0.9357473390816694,0.6310679611650486,0.5674217907227616,1,3
xgb_drafting_specialist,train,11736,0.023934271709234123,0.0993725412643472,0.8447188187404895,0.06581984773006669,0.2287644914929377,0.8202162427470895,0.1650485436893204,0.2513484358144552,1,3
xgb_no_owner,train,11736,0.01915940850653005,0.07097095977678058,0.9644720971140004,0.04472465470026651,0.15135721219650472,0.9668183741164995,0.5598705501618123,0.6828478964401294,1,3
xgb_owner_track,train,11736,0.02073538347830251,0.07821440276899741,0.9453851279955524,0.051512135355076163,0.17338892510683113,0.9319431757246524,0.4336569579288026,0.5598705501618123,1,3
xgb_road_specialist,train,11736,0.022745407127698784,0.09699688910865935,0.8443243065662629,0.06175193235064729,0.21458735786059807,0.8448212230349015,0.23624595469255663,0.3505933117583603,1,3
xgb_short_steep_specialist,train,11736,0.023075416324809663,0.09634560935804917,0.8579239313690422,0.06200975259458377,0.21547910653829538,0.8421681141299906,0.24919093851132687,0.3495145631067961,1,3
xgb_speedway_specialist,train,11736,0.018795701067808025,0.07648520598867534,0.9170082892870262,0.06102586030636967,0.209314626871001,0.855920936875589,0.5048543689320388,0.3581445523193096,1,3
