model,data_split,rows,win_brier,win_log_loss,win_auc,top3_brier,top3_log_loss,top3_auc,winner_pick_accuracy,top3_pick_hit_rate,mean_win_probability_sum,mean_top3_probability_sum
recency_baseline,train,11699,0.02566932964330437,0.15955363958841512,0.7646738083266922,0.06825796431154041,0.3028625172744964,0.7764504675525558,0.1038961038961039,0.25865800865800864,1,3
routed_consensus,train,11699,0.011412784434281942,0.04293350892963278,0.9999361537417898,0.03408460349547296,0.12120008596862569,0.9997574351402657,1,0.9967532467532467,1,3
xgb_drafting_specialist,train,11699,0.024518449562570047,0.11335455832063722,0.782161127433711,0.06846679577721933,0.24630918780842004,0.7700384688783761,0.18506493506493507,0.25757575757575757,1,3
xgb_no_owner,train,11699,0.01477439384573238,0.05240923075507354,0.9992589273600598,0.04610106595110994,0.15216327765032683,0.9914054197928908,1,0.8928571428571428,1,3
xgb_owner_track,train,11699,0.00920779746358132,0.03632067964364445,0.9999498350828349,0.030886235566406586,0.11162028402817835,0.999673466518014,1,0.9956709956709957,1,3
xgb_road_specialist,train,11699,0.023364506578711655,0.10093404466556033,0.8358951644440188,0.060573343509420494,0.2175355742701743,0.8471577726218097,0.21428571428571427,0.37662337662337664,1,3
xgb_short_steep_specialist,train,11699,0.022480719496142366,0.09703840917135709,0.8492344719629418,0.06369471393781956,0.2384662412386776,0.8294763009612197,0.30194805194805197,0.36147186147186144,1,3
xgb_speedway_specialist,train,11699,0.01602677713582508,0.07227486426077644,0.9109081047124239,0.041448174817121666,0.16017364968609377,0.9137807474814436,0.5746753246753247,0.6331168831168831,1,3
