model,data_split,rows,win_brier,win_log_loss,win_auc,top3_brier,top3_log_loss,top3_auc,winner_pick_accuracy,top3_pick_hit_rate,mean_win_probability_sum,mean_top3_probability_sum
recency_baseline,train,11736,0.025685526392373186,0.159726537398218,0.7640654352109337,0.06822152956874919,0.30255939920861186,0.7766722325665925,0.10355987055016182,0.2599784250269687,1,3
routed_consensus,train,11736,0.019822215050772845,0.07441963562314045,0.9634239351923835,0.052933600134847235,0.179161998027748,0.9270029779610522,0.5533980582524272,0.5490830636461704,1,3
xgb_drafting_specialist,train,11736,0.02395956486985896,0.09998858321933388,0.8472712530335381,0.06577067326895157,0.22984985756165338,0.8289476796424889,0.16181229773462782,0.2955771305285868,1,3
xgb_no_owner,train,11736,0.019969522501059662,0.07615308938233951,0.9574949241604863,0.0481186832347721,0.1639920326319604,0.9515700837819138,0.5469255663430421,0.6353829557713052,1,3
xgb_owner_track,train,11736,0.021668402975152858,0.08479313320119206,0.9260429862504153,0.05189772677794187,0.1759898763080757,0.9332953790256092,0.3883495145631068,0.5674217907227616,1,3
xgb_road_specialist,train,11736,0.022404645057084553,0.09398601101951166,0.8591829434799713,0.061630539902724886,0.21391705004319217,0.8447076994350168,0.2621359223300971,0.34951456310679613,1,3
xgb_short_steep_specialist,train,11736,0.023171881344878166,0.09615327742528042,0.8597558782455565,0.062276872238392796,0.21606835520786075,0.8409382668144919,0.2459546925566343,0.3398058252427184,1,3
xgb_speedway_specialist,train,11736,0.019683225454052856,0.07921151391644052,0.9137315442361998,0.06157754876369444,0.21180112275426533,0.8530193734635018,0.511326860841424,0.3516720604099245,1,3
