model,data_split,rows,qualifying_position_rmse,qualifying_position_mae,qualifying_rank_mae,speed_deficit_rmse,pole_pick_accuracy,top3_pick_hit_rate
recency_baseline,train,11736,8.136920186927439,6.2907396259377135,6.750170415814588,3.109285458362537,0.10032362459546926,0.23516720604099245
routed_consensus,train,11736,7.176628852052671,5.628883205472328,5.7431833674164965,2.4226332748404578,0.16181229773462782,0.32470334412081986
xgb_drafting_specialist,train,11736,7.792257909131549,6.116055271417491,6.408316291751874,2.946316543514104,0.16181229773462782,0.26537216828478966
xgb_no_owner,train,11736,6.713546813758984,5.240723674333494,5.2702794819359235,1.8890180949199715,0.2524271844660194,0.4174757281553398
xgb_owner_track,train,11736,7.277900383576308,5.69805866666773,5.847477845944104,2.6327907467390883,0.19741100323624594,0.3365695792880259
xgb_road_specialist,train,11736,7.733685071534398,6.053780871788173,6.341513292433538,2.5140778111627204,0.10679611650485436,0.2772384034519957
xgb_speedway_specialist,train,11736,7.6006166618564945,5.899592909222975,6.145875937286981,2.8938772969046034,0.1488673139158576,0.296655879180151
