model,data_split,rows,points_rmse,points_mae,points_rank_mae
recency_baseline,train,11699,11.58566293639841,8.686363245003971,6.906573211385589
routed_consensus,train,11699,9.7445059246362291,7.41989270643885,5.646294555090178
xgb_drafting_specialist,train,11699,12.191101113598345,9.420347095091802,7.08778528079323
xgb_no_owner,train,11699,9.568812085824288,7.26929898433253,5.487135652619882
xgb_owner_track,train,11699,9.752453399384382,7.418294688823494,5.674331139413625
xgb_road_specialist,train,11699,10.91979813358394,8.316111507051694,6.381571074450807
xgb_short_steep_specialist,train,11699,10.933710683321339,8.100619391003084,6.289084537139926
xgb_speedway_specialist,train,11699,10.302472822953662,7.765669070472726,6.024104624326865
