model,data_split,rows,qualifying_position_rmse,qualifying_position_mae,qualifying_rank_mae,speed_deficit_rmse,pole_pick_accuracy,top3_pick_hit_rate
recency_baseline,train,11699,8.136677676236719,6.289884727910675,6.750833404564493,3.109285458362537,0.10064935064935066,0.23376623376623376
routed_consensus,train,11699,6.657517481907035,5.222609361076464,5.206256945038038,2.382686897672648,0.24025974025974026,0.41558441558441556
xgb_drafting_specialist,train,11699,7.716203795609731,6.069591953933967,6.296948457133088,2.941804075509611,0.1038961038961039,0.2738095238095238
xgb_no_owner,train,11699,7.033713115516195,5.500528723839583,5.591759979485426,2.698600275952695,0.22077922077922077,0.3722943722943723
xgb_owner_track,train,11699,6.64574011263181,5.189348176449056,5.194461065048294,2.6692678488427672,0.21428571428571427,0.3874458874458874
xgb_road_specialist,train,11699,7.799611245161615,6.019744837617291,6.34532866056928,1.79389761350337,0.11363636363636363,0.27489177489177485
xgb_speedway_specialist,train,11699,6.888436173463308,5.254483320130396,5.365244892725874,2.822683741172168,0.21103896103896103,0.37445887445887444
