metric,prequalifying,postqualifying
dk_points_rmse,27.294969324830888,27.426715291036764
dk_points_mae,20.97099226815992,20.9915627202659
dk_rank_mae,10.891294117647059,10.186352941176471
mean_top6_hits,2.1607142857142856,2.5535714285714284
