metric,prequalifying,postqualifying
dk_points_rmse,27.43343614861335,27.52560341834914
dk_points_mae,20.918083050525308,20.977133505307687
dk_rank_mae,10.860314523589269,10.19981498612396
mean_top6_hits,2.2280701754385963,2.526315789473684
