model,data_split,rows,points_rmse,points_mae,points_rank_mae
recency_baseline,train,11736,11.590858401583017,8.688675081912805,6.906952965235174
routed_consensus,train,11736,9.757102097829351,7.456206880289294,5.60974778459441
xgb_drafting_specialist,train,11736,11.91869271051967,9.263522693709595,6.7876618950238585
xgb_no_owner,train,11736,9.5480174939063,7.289919734173203,5.49147920927062
xgb_owner_track,train,11736,9.944028955789769,7.620587723823576,5.680129516019087
xgb_road_specialist,train,11736,10.771789403362673,8.080761230246614,6.166666666666667
xgb_short_steep_specialist,train,11736,10.906217986217293,8.120821273889714,6.312031356509884
xgb_speedway_specialist,train,11736,10.465234977960753,7.905381909403433,6.16291751874574
