period,races,rows,qualifying_rank_mae,finish_rank_mae,winner_pick_accuracy,top3_hit_rate,win_brier,top3_brier,points_mae,points_rank_mae
2025,36,1369,7.43754565376187,9.234477720964207,0.3055555555555555,0.29629629629629634,0.022934207709198642,0.06280217887160085,9.23453918981687,8.052593133674215
2026,21,793,7.649432534678437,8.648171500630516,0.47619047619047616,0.38095238095238093,0.022477779478432554,0.06036423699470396,9.176332319654998,7.3619167717528375
2025–2026,57,2162,7.515263644773358,9.019426456984274,0.368421052631579,0.32748538011695905,0.022766794394213672,0.06190796614802119,9.213189491371743,7.799259944495837
