model,data_split,rows,qualifying_position_rmse,qualifying_position_mae,qualifying_rank_mae,speed_deficit_rmse,pole_pick_accuracy,top3_pick_hit_rate
recency_baseline,train,11699,8.136677676236719,6.289884727910675,6.750833404564493,3.109285458362537,0.10064935064935066,0.23376623376623376
routed_consensus,train,11699,7.17642030696723,5.625754959368154,5.746645012394222,2.419743929485481,0.16558441558441558,0.3268398268398268
xgb_drafting_specialist,train,11699,7.811442428299993,6.1353598082408976,6.43473801179588,2.939541254987222,0.10714285714285714,0.2435064935064935
xgb_no_owner,train,11699,6.7107280369517515,5.235444143293495,5.266433028463971,1.869021708517971,0.237012987012987,0.40909090909090906
xgb_owner_track,train,11699,7.275749590255599,5.696534472394676,5.847166424480725,2.6492251175019668,0.17857142857142858,0.3333333333333333
xgb_road_specialist,train,11699,7.72188636806662,6.035673296933541,6.341225745790238,2.509425118702077,0.11038961038961038,0.275974025974026
xgb_speedway_specialist,train,11699,7.603890026141483,5.897917833417101,6.147875886827934,2.8934385906565967,0.14285714285714285,0.29978354978354976
