model,data_split,rows,finish_position_rmse,finish_position_mae,finish_rank_mae,winner_pick_accuracy,top3_pick_hit_rate
recency_baseline,train,11736,9.687030791818922,7.755389603874693,8.717791411042946,0.11650485436893204,0.23516720604099245
routed_consensus,train,11736,9.104829120783773,6.9093788935361635,7.4679618268575325,0.459546925566343,0.4994606256742179
xgb_drafting_specialist,train,11736,10.45875181855308,8.647705099028345,8.463019768234492,0.10355987055016182,0.2081984897518878
xgb_no_owner,train,11736,9.121175414101591,6.853870919945817,7.322426721199728,0.45307443365695793,0.5102481121898598
xgb_owner_track,train,11736,9.397695749096135,7.089609592889502,7.710974778459441,0.35275080906148865,0.4444444444444444
xgb_road_specialist,train,11736,9.97555184111388,7.585535500459585,8.101397409679619,0.22330097087378642,0.3182308522114347
xgb_short_steep_specialist,train,11736,9.79923042350803,7.303331650007154,8.027096114519427,0.21359223300970873,0.3441208198489752
xgb_speedway_specialist,train,11736,9.498549135299374,7.131522440303746,7.770961145194274,0.32362459546925565,0.4217907227615965
