metric,baseline,adjusted,delta,overlay_rows_applied
finish_position_rmse,10.646483548516867,10.646483548516867,0,0
points_rmse,11.585846613155217,11.585846613155217,0,0
win_log_loss,0.10567178379210863,0.10567178379210863,0,0
top3_log_loss,0.22437981503114168,0.22437981503114168,0,0
