model,data_split,rows,points_rmse,points_mae,points_rank_mae
recency_baseline,train,11699,11.58566293639841,8.686363245003971,6.906573211385589
routed_consensus,train,11699,9.74267800448801,7.442654803425996,5.5946662107872465
xgb_drafting_specialist,train,11699,11.968199745475083,9.287583951894119,6.811351397555347
xgb_no_owner,train,11699,9.5221657151545,7.267072168539715,5.453457560475254
xgb_owner_track,train,11699,9.939425304106495,7.617234295968857,5.686981793315668
xgb_road_specialist,train,11699,10.81057430235536,8.102200527582548,6.203778100692367
xgb_short_steep_specialist,train,11699,10.895962174885174,8.111870709333179,6.30173519104197
xgb_speedway_specialist,train,11699,10.472832525662975,7.89792604667534,6.148217796392854
