model,data_split,rows,win_brier,win_log_loss,win_auc,top3_brier,top3_log_loss,top3_auc,winner_pick_accuracy,top3_pick_hit_rate,mean_win_probability_sum,mean_top3_probability_sum
recency_baseline,train,11699,0.02566932964330437,0.15955363958841512,0.7646738083266922,0.06825796431154041,0.3028625172744964,0.7764504675525558,0.1038961038961039,0.25865800865800864,1,3
routed_consensus,train,11699,0.018825886038172552,0.06895318964638085,0.9736705441867411,0.05123754696981551,0.17206835531250816,0.936788903285423,0.6201298701298701,0.5725108225108225,1,3
xgb_drafting_specialist,train,11699,0.023855621576192417,0.09866959559364392,0.847961252161937,0.06570508197077814,0.22835824024560764,0.8224770743564247,0.18181818181818182,0.2597402597402597,1,3
xgb_no_owner,train,11699,0.019245782094030838,0.07141947950905689,0.9631210901292545,0.044317674431838754,0.15022946058784334,0.9670401060656281,0.5487012987012987,0.6872294372294372,1,3
xgb_owner_track,train,11699,0.020811110192355282,0.0784906296157115,0.9447031548032339,0.05107015252163608,0.17201450095648166,0.9340167836803568,0.4090909090909091,0.5714285714285714,1,3
xgb_road_specialist,train,11699,0.02297450101500286,0.098427723353475,0.8370768902767849,0.06181709667738053,0.21478698750175476,0.8447121362782616,0.22727272727272727,0.34848484848484845,1,3
xgb_short_steep_specialist,train,11699,0.02307768503983577,0.09615476096574033,0.8588796748857322,0.06222362564720205,0.21623771045014895,0.841027962756501,0.25,0.3409090909090909,1,3
xgb_speedway_specialist,train,11699,0.018697119726013286,0.0761444744569303,0.9169593903594431,0.06092479276445881,0.20903367812090873,0.8563566557186046,0.5292207792207793,0.356060606060606,1,3
