metric,baseline,adjusted,delta,overlay_rows_applied
finish_position_rmse,10.436097179526765,10.497275127747352,0.0611779482205872,433
points_rmse,11.540926638111575,11.531819005968131,-0.009107632143443567,433
win_log_loss,0.09474356769017256,0.09345265961203197,-0.0012909080781405846,433
top3_log_loss,0.21998219244319214,0.21834192345137693,-0.0016402689918152136,433
