model,data_split,rows,finish_position_rmse,finish_position_mae,finish_rank_mae,winner_pick_accuracy,top3_pick_hit_rate
recency_baseline,train,11736,9.687030791818922,7.755389603874693,8.717791411042946,0.11650485436893204,0.23516720604099245
routed_consensus,train,11736,9.117756271562616,6.925114134009941,7.489775051124744,0.43042071197411,0.4908306364617044
xgb_drafting_specialist,train,11736,10.522873666051428,8.690965468856469,8.49147920927062,0.09061488673139159,0.21035598705501618
xgb_no_owner,train,11736,9.153950327671264,6.889099816959596,7.390081799591002,0.4563106796116505,0.5134843581445523
xgb_owner_track,train,11736,9.385174092168755,7.0925829055052505,7.71319018404908,0.37540453074433655,0.44983818770226536
xgb_road_specialist,train,11736,10.214474921479027,7.766058504513082,8.089809134287663,0.21035598705501618,0.3106796116504854
xgb_short_steep_specialist,train,11736,9.781756593102799,7.296655952233464,8.027777777777779,0.22006472491909385,0.343042071197411
xgb_speedway_specialist,train,11736,9.523319783105238,7.145306776316736,7.775732788002727,0.3268608414239482,0.4099244875943905
