model,data_split,rows,finish_position_rmse,finish_position_mae,finish_rank_mae,winner_pick_accuracy,top3_pick_hit_rate
recency_baseline,train,11699,9.690547201056013,7.757666134984297,8.720061543721686,0.11688311688311688,0.23484848484848483
routed_consensus,train,11699,8.951043804951878,6.7825444457949855,7.237199760663304,0.4967532467532468,0.5487012987012987
xgb_drafting_specialist,train,11699,10.849514188245227,8.946793768597292,8.371655697068125,0.09740259740259741,0.2251082251082251
xgb_no_owner,train,11699,9.109842025864342,6.846994689441037,7.30164971365074,0.4448051948051948,0.5248917748917749
xgb_owner_track,train,11699,8.751103397694813,6.55422469238577,6.899051200957347,0.5292207792207793,0.5844155844155844
xgb_road_specialist,train,11699,10.125358794675641,7.654213592926336,8.12992563466963,0.23376623376623376,0.31926406926406925
xgb_short_steep_specialist,train,11699,9.833609951677825,7.360645076981063,8.076416787759637,0.21428571428571427,0.3333333333333333
xgb_speedway_specialist,train,11699,9.67147838898575,7.29125453655948,7.953500299170869,0.2824675324675325,0.3722943722943723
