model,data_split,rows,finish_position_rmse,finish_position_mae,finish_rank_mae,winner_pick_accuracy,top3_pick_hit_rate
recency_baseline,train,11699,9.690547201056013,7.757666134984297,8.720061543721686,0.11688311688311688,0.23484848484848483
routed_consensus,train,11699,9.106737547632077,6.910981106449744,7.480297461321481,0.44155844155844154,0.4924242424242424
xgb_drafting_specialist,train,11699,10.46932428787955,8.648286625872881,8.424651679630738,0.11363636363636363,0.21103896103896103
xgb_no_owner,train,11699,9.134563227760692,6.870742764953627,7.360971023164373,0.44805194805194803,0.512987012987013
xgb_owner_track,train,11699,9.390463581894467,7.084798183525385,7.711770236772374,0.38311688311688313,0.45129870129870125
xgb_road_specialist,train,11699,9.959301461217354,7.5708243430191455,8.076074878194717,0.22077922077922077,0.3300865800865801
xgb_short_steep_specialist,train,11699,9.811840390608051,7.311687480051857,8.03778100692367,0.2012987012987013,0.3409090909090909
xgb_speedway_specialist,train,11699,9.500715304404437,7.125615268461815,7.7818616975809896,0.33116883116883117,0.41125541125541126
