metric,baseline,adjusted,delta,overlay_rows_applied
finish_position_rmse,10.470918864448377,10.472345364761088,0.0014265003127107434,6
points_rmse,11.625182947329723,11.6239070730699,-0.0012758742598233397,6
win_log_loss,0.09733181411664657,0.0973763337270363,4.451961038973162e-5,6
top3_log_loss,0.22248343060502707,0.22259484905025526,1.1141844522818967e-4,6
