model,data_split,rows,qualifying_position_rmse,qualifying_position_mae,qualifying_rank_mae,speed_deficit_rmse,pole_pick_accuracy,top3_pick_hit_rate
recency_baseline,train,11736,8.136920186927439,6.2907396259377135,6.750170415814588,3.109285458362537,0.10032362459546926,0.23516720604099245
routed_consensus,train,11736,7.186860228621166,5.634435896323746,5.760224948875256,2.411400831782412,0.1553398058252427,0.3193096008629989
xgb_drafting_specialist,train,11736,7.807081850392506,6.127108640384739,6.412576687116564,2.9395144705774556,0.10355987055016182,0.2621359223300971
xgb_no_owner,train,11736,6.723197383151094,5.252644673914184,5.273006134969325,1.871207934130717,0.2524271844660194,0.4325782092772384
xgb_owner_track,train,11736,7.285604440711312,5.698645373144846,5.847477845944104,2.617802134613318,0.18770226537216828,0.3365695792880259
xgb_road_specialist,train,11736,7.721382346347059,6.036732476506821,6.317825494205862,2.5037994433973974,0.10679611650485436,0.267529665587918
xgb_speedway_specialist,train,11736,7.605549436828745,5.90402099735979,6.148602590320381,2.893151120262022,0.14563106796116504,0.296655879180151
